FullSibshipIndex,Prob(Inc.),Prob(Exc.),Member1,Member2,Member3,Member4,Member5,Member6,Member7,Member8,Member9,Member10,Member11,Member12,Member13,Member14,Member15,Member16,Member17,Member18
1,1,0.0962,01b_20_01_Plate1_H1,,,,,,,,,,,,,,,,,
2,1,0.0962,01b_20_02_Plate7_H6,,,,,,,,,,,,,,,,,
3,1,0.0962,01b_20_03_Plate5_G7,,,,,,,,,,,,,,,,,
4,1,0.0962,01b_20_04_Plate3_D4,,,,,,,,,,,,,,,,,
5,1,0.0962,01b_20_05_Plate7_G12,,,,,,,,,,,,,,,,,
6,1,0.0962,01b_24_01_Plate1_A2,,,,,,,,,,,,,,,,,
7,1,0.0962,01b_24_02_Plate6_A7,,,,,,,,,,,,,,,,,
8,1,0.0962,01b_24_03_Plate6_C2,,,,,,,,,,,,,,,,,
9,1,0.0962,01b_24_04_Plate4_F1,,,,,,,,,,,,,,,,,
10,1,0.0962,01b_28_01_Plate4_D7,,,,,,,,,,,,,,,,,
11,0.9745,0.0939,01b_28_02_Plate3_C3,01b_32_01_Plate7_C4,,,,,,,,,,,,,,,,
12,1,0.0962,01b_28_03_Plate4_H7,,,,,,,,,,,,,,,,,
13,1,0.0962,01b_28_04_Plate2_B12,,,,,,,,,,,,,,,,,
14,1,0.0962,01b_32_02_Plate3_A7,,,,,,,,,,,,,,,,,
15,1,0.0962,01b_32_03_Plate1_G3,,,,,,,,,,,,,,,,,
16,1,0.0962,01b_32_04_Plate3_G5,,,,,,,,,,,,,,,,,
17,1,0.0962,01b_36_01_Plate2_B4,,,,,,,,,,,,,,,,,
18,1,0.0962,01b_36_02_Plate6_C3,,,,,,,,,,,,,,,,,
19,1,0.0962,01b_36_03_Plate7_F10,,,,,,,,,,,,,,,,,
20,1,0.0962,01b_36_04_Plate5_C8,,,,,,,,,,,,,,,,,
21,1,0.0962,01b_40_01_Plate3_A4,,,,,,,,,,,,,,,,,
22,1,0.0962,01b_40_02_Plate2_C6,,,,,,,,,,,,,,,,,
23,1,0.0962,01b_40_03_Plate3_A9,,,,,,,,,,,,,,,,,
24,1,0.0962,01b_40_04_Plate4_A11,,,,,,,,,,,,,,,,,
25,1,0.0962,02a_24_01_Plate1_C5,,,,,,,,,,,,,,,,,
26,0.9263,0.0893,02a_24_02_Plate4_F5,02a_24_07_Plate3_B12,,,,,,,,,,,,,,,,
27,1,0.0962,02a_24_03_Plate6_C9,,,,,,,,,,,,,,,,,
28,1,0.0962,02a_24_04_Plate5_G11,,,,,,,,,,,,,,,,,
29,0.9451,0.0911,02a_24_05_Plate4_H1,02a_32_04_Plate6_H11,,,,,,,,,,,,,,,,
30,1,0.0962,02a_24_06_Plate4_E1,,,,,,,,,,,,,,,,,
31,1,0.0962,02a_24_08_Plate5_D10,,,,,,,,,,,,,,,,,
32,1,0.0962,02a_24_09_Plate3_A6,,,,,,,,,,,,,,,,,
33,1,0.0962,02a_24_10_Plate7_D4,,,,,,,,,,,,,,,,,
34,0.4293,0.0414,02a_24_11_Plate3_E3,02a_28_03_Plate3_G1,,,,,,,,,,,,,,,,
35,1,0.0962,02a_24_12_Plate6_F5,,,,,,,,,,,,,,,,,
36,1,0.0962,02a_28_01_Plate1_F8,,,,,,,,,,,,,,,,,
37,1,0.0962,02a_28_02_Plate1_A7,,,,,,,,,,,,,,,,,
38,1,0.0962,02a_28_04_Plate6_A1,,,,,,,,,,,,,,,,,
39,1,0.0962,02a_28_05_Plate4_E4,,,,,,,,,,,,,,,,,
40,1,0.0962,02a_28_06_Plate3_C8,,,,,,,,,,,,,,,,,
41,1,0.0962,02a_28_07_Plate4_A10,,,,,,,,,,,,,,,,,
42,1,0.0962,02a_28_08_Plate2_E11,,,,,,,,,,,,,,,,,
43,1,0.0962,02a_28_09_Plate5_C12,,,,,,,,,,,,,,,,,
44,1,0.0962,02a_28_10_Plate7_G10,,,,,,,,,,,,,,,,,
45,1,0.0962,02a_32_03_Plate6_H5,,,,,,,,,,,,,,,,,
46,1,0.0962,02a_32_05_Plate7_E1,,,,,,,,,,,,,,,,,
47,1,0.0964,04a_24_01_Plate3_A1,,,,,,,,,,,,,,,,,
48,0.9111,0.088,04a_24_02_Plate2_H11,04a_32_04_Plate5_A9,,,,,,,,,,,,,,,,
49,1,0.0964,04a_24_03_Plate1_F10,,,,,,,,,,,,,,,,,
50,1,0.0964,04a_24_04_Plate5_A6,,,,,,,,,,,,,,,,,
51,0.9812,0.0947,04a_24_05_Plate5_G12,04a_36_03_Plate5_G6,,,,,,,,,,,,,,,,
52,1,0.0964,04a_28_01_Plate7_D2,,,,,,,,,,,,,,,,,
53,1,0.0964,04a_28_02_Plate4_A12,,,,,,,,,,,,,,,,,
54,1,0.0964,04a_28_03_Plate2_C11,,,,,,,,,,,,,,,,,
55,1,0.0964,04a_28_04_Plate5_D8,,,,,,,,,,,,,,,,,
56,1,0.0964,04a_28_05_Plate5_E10,,,,,,,,,,,,,,,,,
57,1,0.0964,04a_32_01_Plate7_B8,,,,,,,,,,,,,,,,,
58,1,0.0964,04a_32_02_Plate6_G6,,,,,,,,,,,,,,,,,
59,0.9797,0.0946,04a_32_03_Plate6_B2,04a_40_02_Plate2_D12,,,,,,,,,,,,,,,,
60,1,0.0964,04a_32_05_Plate2_C1,,,,,,,,,,,,,,,,,
61,1,0.0964,04a_36_01_Plate4_H12,,,,,,,,,,,,,,,,,
62,1,0.0964,04a_36_02_Plate2_A2,,,,,,,,,,,,,,,,,
63,0.9786,0.0945,04a_36_04_Plate5_C10,04a_40_01_Plate1_C3,,,,,,,,,,,,,,,,
64,1,0.0964,04a_36_05_Plate4_D11,,,,,,,,,,,,,,,,,
65,1,0.0964,04a_40_03_Plate3_B8,,,,,,,,,,,,,,,,,
66,1,0.0964,04a_40_04_Plate5_A1,,,,,,,,,,,,,,,,,
67,1,0.0961,05b_28_01_Plate7_B4,,,,,,,,,,,,,,,,,
68,1,0.0961,05b_28_02_Plate4_B10,,,,,,,,,,,,,,,,,
69,0.9831,0.0946,05b_28_03_Plate1_D4,05b_32_02_Plate5_E3,,,,,,,,,,,,,,,,
70,1,0.0961,05b_28_04_Plate6_H12,,,,,,,,,,,,,,,,,
71,1,0.0961,05b_28_05_Plate6_H7,,,,,,,,,,,,,,,,,
72,1,0.0961,05b_28_06_Plate2_D9,,,,,,,,,,,,,,,,,
73,1,0.0961,05b_28_07_Plate5_B5,,,,,,,,,,,,,,,,,
74,1,0.0961,05b_32_01_Plate5_C5,,,,,,,,,,,,,,,,,
75,1,0.0961,05b_32_03_Plate6_E5,,,,,,,,,,,,,,,,,
76,1,0.0961,05b_32_04_Plate1_H5,,,,,,,,,,,,,,,,,
77,1,0.0961,05b_32_05_Plate6_H4,,,,,,,,,,,,,,,,,
78,1,0.0961,05b_32_06_Plate3_D10,,,,,,,,,,,,,,,,,
79,1,0.0961,05b_36_01_Plate2_D5,,,,,,,,,,,,,,,,,
80,1,0.0961,05b_36_02_Plate3_A12,,,,,,,,,,,,,,,,,
81,0.0857,0.0083,05b_36_03_Plate2_F12,05b_36_04_Plate2_B6,,,,,,,,,,,,,,,,
82,1,0.0961,05b_36_05_Plate4_D2,,,,,,,,,,,,,,,,,
83,1,0.0961,05b_36_06_Plate6_G8,,,,,,,,,,,,,,,,,
84,1,0.0961,05b_36_07_Plate2_F6,,,,,,,,,,,,,,,,,
85,1,0.0961,05b_40_01_Plate2_B7,,,,,,,,,,,,,,,,,
86,1,0.0961,05b_40_02_Plate6_H1,,,,,,,,,,,,,,,,,
87,1,0.0961,05b_40_03_Plate3_A11,,,,,,,,,,,,,,,,,
88,1,0.0961,05b_40_04_Plate4_C7,,,,,,,,,,,,,,,,,
89,1,0.0961,05b_40_05_Plate7_D12,,,,,,,,,,,,,,,,,
90,1,0.0961,05b_40_06_Plate3_F4,,,,,,,,,,,,,,,,,
91,1,0.0962,06a_20_01_Plate4_A6,,,,,,,,,,,,,,,,,
92,1,0.0962,06a_20_02_Plate3_B4,,,,,,,,,,,,,,,,,
93,1,0.0962,06a_20_03_Plate4_D1,,,,,,,,,,,,,,,,,
94,1,0.0962,06a_20_04_Plate1_A8,,,,,,,,,,,,,,,,,
95,1,0.0962,06a_20_05_Plate3_E7,,,,,,,,,,,,,,,,,
96,1,0.0962,06a_24_01_Plate5_C3,,,,,,,,,,,,,,,,,
97,1,0.0962,06a_24_02_Plate1_C9,,,,,,,,,,,,,,,,,
98,0.9966,0.0966,06a_24_03_Plate7_B1,06a_40_02_Plate1_H4,20a_24_02_Plate5_D7,20a_24_03_Plate3_A2,20a_36_04_Plate2_G9,20a_40_04_Plate5_A5,,,,,,,,,,,,
99,1,0.0962,06a_24_04_Plate3_B1,,,,,,,,,,,,,,,,,
100,1,0.0962,06a_28_01_Plate4_E5,,,,,,,,,,,,,,,,,
101,1,0.0962,06a_28_02_Plate6_B4,,,,,,,,,,,,,,,,,
102,1,0.0962,06a_28_03_Plate7_C7,,,,,,,,,,,,,,,,,
103,1,0.0962,06a_28_04_Plate3_A3,,,,,,,,,,,,,,,,,
104,1,0.0962,06a_32_01_Plate1_A11,,,,,,,,,,,,,,,,,
105,1,0.0962,06a_32_02_Plate6_H8,,,,,,,,,,,,,,,,,
106,1,0.0962,06a_32_03_Plate5_G4,,,,,,,,,,,,,,,,,
107,1,0.0962,06a_32_04_Plate4_A7,,,,,,,,,,,,,,,,,
108,1,0.0962,06a_36_01_Plate5_E7,,,,,,,,,,,,,,,,,
109,1,0.0962,06a_36_02_Plate4_H6,,,,,,,,,,,,,,,,,
110,1,0.0962,06a_36_03_Plate4_H11,,,,,,,,,,,,,,,,,
111,1,0.0962,06a_36_04_Plate1_D12,,,,,,,,,,,,,,,,,
112,1,0.0962,06a_40_01_Plate3_G12,,,,,,,,,,,,,,,,,
113,1,0.0962,06a_40_03_Plate3_G9,,,,,,,,,,,,,,,,,
114,1,0.0962,06a_40_04_Plate7_B2,,,,,,,,,,,,,,,,,
115,1,0.0961,08a_20_01_Plate5_H4,,,,,,,,,,,,,,,,,
116,1,0.0961,08a_20_02_Plate2_C2,,,,,,,,,,,,,,,,,
117,1,0.0961,08a_20_03_Plate7_C12,,,,,,,,,,,,,,,,,
118,1,0.0961,08a_20_04__Plate7_C3,,,,,,,,,,,,,,,,,
119,0.4387,0.0422,08a_20_05_Plate3_E1,08a_32_03_Plate5_C11,,,,,,,,,,,,,,,,
120,1,0.0961,08a_24_01_Plate1_E3,,,,,,,,,,,,,,,,,
121,1,0.0961,08a_24_02_Plate6_F9,,,,,,,,,,,,,,,,,
122,1,0.0961,08a_24_03_Plate6_E10,,,,,,,,,,,,,,,,,
123,1,0.0961,08a_24_04_Plate6_A3,,,,,,,,,,,,,,,,,
124,1,0.0961,08a_28_01_Plate7_G4,,,,,,,,,,,,,,,,,
125,1,0.0961,08a_28_02_Plate7_D9,,,,,,,,,,,,,,,,,
126,1,0.0961,08a_28_03_Plate2_C4,,,,,,,,,,,,,,,,,
127,1,0.0961,08a_28_04_Plate5_H5,,,,,,,,,,,,,,,,,
128,0.9599,0.0924,08a_32_01_Plate1_D5,08a_40_02_Plate1_F7,,,,,,,,,,,,,,,,
129,1,0.0961,08a_32_02_Plate7_F12,,,,,,,,,,,,,,,,,
130,1,0.0961,08a_32_04_Plate7_A12,,,,,,,,,,,,,,,,,
131,1,0.0961,08a_36_01_Plate5_F7,,,,,,,,,,,,,,,,,
132,0.9785,0.0942,08a_36_02_Plate7_B9,08a_40_01_Plate5_G5,,,,,,,,,,,,,,,,
133,1,0.0961,08a_36_03_Plate7_G3,,,,,,,,,,,,,,,,,
134,1,0.0961,08a_36_04_Plate1_E6,,,,,,,,,,,,,,,,,
135,1,0.0961,08a_40_03_Plate5_F1,,,,,,,,,,,,,,,,,
136,1,0.0961,08a_40_04_Plate2_F7,,,,,,,,,,,,,,,,,
137,1,0.0961,08a_40_04_Plate2_H4,,,,,,,,,,,,,,,,,
138,1,0.0964,09a_24_01_Plate5_D5,,,,,,,,,,,,,,,,,
139,1,0.0964,09a_24_02_Plate7_D8,,,,,,,,,,,,,,,,,
140,1,0.0964,09a_24_04_Plate7_A8,,,,,,,,,,,,,,,,,
141,1,0.0964,09a_28_01_Plate2_A9,,,,,,,,,,,,,,,,,
142,0.9202,0.0888,09a_28_02_Plate6_H2,09a_36_01_Plate5_B2,,,,,,,,,,,,,,,,
143,1,0.0964,09a_28_03_Plate7_G1,,,,,,,,,,,,,,,,,
144,1,0.0964,09a_28_04_Plate6_C1,,,,,,,,,,,,,,,,,
145,0.3867,0.0373,09a_28_05_Plate2_F9,09a_32_06_Plate2_G7,,,,,,,,,,,,,,,,
146,1,0.0964,09a_28_06_Plate3_G4,,,,,,,,,,,,,,,,,
147,1,0.0964,09a_28_07_Plate1_D8,,,,,,,,,,,,,,,,,
148,1,0.0964,09a_32_01_Plate2_D6,,,,,,,,,,,,,,,,,
149,1,0.0964,09a_32_02_Plate6_A12,,,,,,,,,,,,,,,,,
150,1,0.0964,09a_32_03_Plate1_D10,,,,,,,,,,,,,,,,,
151,1,0.0964,09a_32_04_Plate6_B6,,,,,,,,,,,,,,,,,
152,0.9414,0.0909,09a_32_05_Plate4_B3,09a_36_03_Plate5_B4,,,,,,,,,,,,,,,,
153,1,0.0964,09a_36_02_Plate4_G3,,,,,,,,,,,,,,,,,
154,1,0.0964,09a_36_05_Plate1_H11,,,,,,,,,,,,,,,,,
155,1,0.0964,09a_40_01_Plate4_D9,,,,,,,,,,,,,,,,,
156,1,0.0964,09a_40_02_Plate1_E12,,,,,,,,,,,,,,,,,
157,1,0.0964,09a_40_03_Plate6_E4,,,,,,,,,,,,,,,,,
158,1,0.0964,09a_40_04_Plate5_B12,,,,,,,,,,,,,,,,,
159,1,0.0959,12b_20_01_Plate2_F11,,,,,,,,,,,,,,,,,
160,1,0.0959,12b_20_02_Plate6_G2,,,,,,,,,,,,,,,,,
161,0.0292,0.0028,12b_20_03_Plate1_D1,12b_40_03_Plate4_D10,,,,,,,,,,,,,,,,
162,0.1811,0.0174,12b_20_04_Plate3_D11,12b_32_03_Plate2_D4,,,,,,,,,,,,,,,,
163,1,0.0959,12b_20_05_Plate7_H1,,,,,,,,,,,,,,,,,
164,1,0.0959,12b_24_01_Plate3_H6,,,,,,,,,,,,,,,,,
165,1,0.0959,12b_24_02_Plate1_F2,,,,,,,,,,,,,,,,,
166,1,0.0959,12b_24_03_Plate6_D12,,,,,,,,,,,,,,,,,
167,1,0.0959,12b_24_04_Plate4_G5,,,,,,,,,,,,,,,,,
168,1,0.0959,12b_28_01_Plate4_G7,,,,,,,,,,,,,,,,,
169,1,0.0959,12b_28_02_Plate2_E6,,,,,,,,,,,,,,,,,
170,1,0.0959,12b_28_02_Plate2_H7,,,,,,,,,,,,,,,,,
171,1,0.0959,12b_28_03_Plate1_F3,,,,,,,,,,,,,,,,,
172,0.9991,0.0961,12b_28_04_Plate7_F5,12b_36_01_Plate2_C5,12b_40_04_Plate7_C6,,,,,,,,,,,,,,,
173,1,0.0959,12b_32_01_Plate7_A7,,,,,,,,,,,,,,,,,
174,1,0.0959,12b_32_02_Plate6_B1,,,,,,,,,,,,,,,,,
175,1,0.0959,12b_32_04_Plate6_D5,,,,,,,,,,,,,,,,,
176,1,0.0959,12b_36_02_Plate2_E5,,,,,,,,,,,,,,,,,
177,1,0.0959,12b_36_03_Plate2_G11,,,,,,,,,,,,,,,,,
178,1,0.0959,12b_36_04_Plate3_C4,,,,,,,,,,,,,,,,,
179,1,0.0959,12b_36_05_Plate2_G6,,,,,,,,,,,,,,,,,
180,1,0.0959,12b_40_01_Plate7_G11,,,,,,,,,,,,,,,,,
181,1,0.0959,12b_40_02_Plate4_F4,,,,,,,,,,,,,,,,,
182,1,0.0962,13b_20_01_Plate1_D7,,,,,,,,,,,,,,,,,
183,1,0.0962,13b_20_02_Plate5_H9,,,,,,,,,,,,,,,,,
184,1,0.0962,13b_20_03_Plate6_A10,,,,,,,,,,,,,,,,,
185,0.9605,0.0926,13b_20_04_Plate3_D1,13b_40_02_Plate6_A9,,,,,,,,,,,,,,,,
186,1,0.0962,13b_20_05_Plate2_E7,,,,,,,,,,,,,,,,,
187,1,0.0962,13b_20_06_Plate5_B1,,,,,,,,,,,,,,,,,
188,1,0.0962,13b_20_07_Plate2_H5,,,,,,,,,,,,,,,,,
189,1,0.0962,13b_28_01_Plate2_D10,,,,,,,,,,,,,,,,,
190,1,0.0962,13b_28_02_Plate4_B5,,,,,,,,,,,,,,,,,
191,1,0.0962,13b_28_03_Plate5_H6,,,,,,,,,,,,,,,,,
192,1,0.0962,13b_28_04_Plate2_E9,,,,,,,,,,,,,,,,,
193,1,0.0962,13b_28_05_Plate7_A5,,,,,,,,,,,,,,,,,
194,1,0.0962,13b_28_06_Plate1_B8,,,,,,,,,,,,,,,,,
195,1,0.0962,13b_36_01_Plate4_D6,,,,,,,,,,,,,,,,,
196,1,0.0962,13b_36_02_Plate4_E8,,,,,,,,,,,,,,,,,
197,1,0.0962,13b_36_03_Plate5_B9,,,,,,,,,,,,,,,,,
198,1,0.0962,13b_36_04_Plate1_F9,,,,,,,,,,,,,,,,,
199,1,0.0962,13b_36_05_Plate4_C2,,,,,,,,,,,,,,,,,
200,1,0.0962,13b_36_06_Plate6_D8,,,,,,,,,,,,,,,,,
201,1,0.0962,13b_40_01_Plate1_E10,,,,,,,,,,,,,,,,,
202,1,0.0962,13b_40_03_Plate2_G1,,,,,,,,,,,,,,,,,
203,1,0.0962,13b_40_04_Plate6_F11,,,,,,,,,,,,,,,,,
204,1,0.0962,13b_40_05_Plate2_D8,,,,,,,,,,,,,,,,,
205,1,0.0962,13b_40_06_Plate5_C9,,,,,,,,,,,,,,,,,
206,0.9988,0.1271,15b_24_01_Plate6_D9,15b_24_03_Plate1_G12,15b_28_02_Plate2_B1,15b_28_03_Plate3_F10,15b_28_04_Plate3_H4,15b_28_05_Plate3_C1,15b_32_01_Plate6_E11,15b_32_02_Plate3_G2,15b_32_03_Plate1_B2,15b_32_04_Plate3_G11,15b_36_01_Plate2_C3,15b_36_02_Plate5_B10,15b_36_03_Plate6_G4,15b_36_05_Plate7_A4,15b_40_01_Plate3_G10,15b_40_02_Plate4_H8,15b_40_03_Plate6_E3,15b_40_04_Plate1_C4
207,1,0.0965,15b_24_02_Plate6_E6,,,,,,,,,,,,,,,,,
208,1,0.0965,15b_24_04_Plate5_F5,,,,,,,,,,,,,,,,,
209,1,0.0965,15b_24_05_Plate4_E12,,,,,,,,,,,,,,,,,
210,1,0.0965,15b_32_05_Plate5_B6,,,,,,,,,,,,,,,,,
211,1,0.0965,15b_36_04_Plate2_E12,,,,,,,,,,,,,,,,,
212,1,0.0962,17a_20_01_Plate6_F2,,,,,,,,,,,,,,,,,
213,1,0.0962,17a_20_02_Plate2_A5,,,,,,,,,,,,,,,,,
214,1,0.0962,17a_20_03_Plate5_A8,,,,,,,,,,,,,,,,,
215,1,0.0962,17a_20_04_Plate4_A2,,,,,,,,,,,,,,,,,
216,0.9124,0.0879,17a_20_05_Plate7_H2,17a_40_04_Plate3_B2,,,,,,,,,,,,,,,,
217,1,0.0962,17a_24_01_Plate5_F11,,,,,,,,,,,,,,,,,
218,1,0.0962,17a_24_02_Plate5_B11,,,,,,,,,,,,,,,,,
219,1,0.0962,17a_24_03_Plate2_A6,,,,,,,,,,,,,,,,,
220,1,0.0962,17a_24_04_Plate3_E9,,,,,,,,,,,,,,,,,
221,1,0.0962,17a_28_01_Plate1_B7,,,,,,,,,,,,,,,,,
222,1,0.0962,17a_28_02_Plate4_G6,,,,,,,,,,,,,,,,,
223,1,0.0962,17a_28_03_Plate5_D4,,,,,,,,,,,,,,,,,
224,1,0.0962,17a_28_04_Plate3_F5,,,,,,,,,,,,,,,,,
225,1,0.0962,17a_32_01_Plate6_B10,,,,,,,,,,,,,,,,,
226,1,0.0962,17a_32_02_Plate2_C8,,,,,,,,,,,,,,,,,
227,1,0.0962,17a_32_03_Plate7_E2,,,,,,,,,,,,,,,,,
228,1,0.0962,17a_32_04_Plate3_C5,,,,,,,,,,,,,,,,,
229,1,0.0962,17a_36_01_Plate1_G9,,,,,,,,,,,,,,,,,
230,1,0.0962,17a_36_02_Plate7_F1,,,,,,,,,,,,,,,,,
231,1,0.0962,17a_36_03_Plate5_D1,,,,,,,,,,,,,,,,,
232,1,0.0962,17a_36_04_Plate5_B3,,,,,,,,,,,,,,,,,
233,1,0.0962,17a_40_01_Plate5_G2,,,,,,,,,,,,,,,,,
234,1,0.0962,17a_40_02_Plate6_C8,,,,,,,,,,,,,,,,,
235,1,0.0962,17a_40_03_Plate1_G10,,,,,,,,,,,,,,,,,
236,1,0.0962,18a_20_01_Plate6_H9,,,,,,,,,,,,,,,,,
237,1,0.0962,18a_20_02_Plate5_D3,,,,,,,,,,,,,,,,,
238,1,0.0962,18a_20_03_Plate7_G2,,,,,,,,,,,,,,,,,
239,0.9554,0.0921,18a_20_04_Plate7_E6,18a_24_01_Plate2_A12,,,,,,,,,,,,,,,,
240,1,0.0962,18a_20_05_Plate5_F3,,,,,,,,,,,,,,,,,
241,1,0.0962,18a_24_02_Plate7_A1,,,,,,,,,,,,,,,,,
242,1,0.0962,18a_24_03_Plate5_H3,,,,,,,,,,,,,,,,,
243,1,0.0962,18a_24_04_Plate6_A2,,,,,,,,,,,,,,,,,
244,1,0.0962,18a_28_01_Plate3_B6,,,,,,,,,,,,,,,,,
245,1,0.0962,18a_28_02_Plate3_D9,,,,,,,,,,,,,,,,,
246,1,0.0962,18a_28_03_Plate6_A8,,,,,,,,,,,,,,,,,
247,1,0.0962,18a_28_04_Plate1_E1,,,,,,,,,,,,,,,,,
248,0.9894,0.0954,18a_32_01_Plate3_H8,18a_40_01_Plate3_C12,,,,,,,,,,,,,,,,
249,1,0.0962,18a_32_02_Plate1_C2,,,,,,,,,,,,,,,,,
250,1,0.0962,18a_32_03_Plate5_D12,,,,,,,,,,,,,,,,,
251,1,0.0962,18a_32_04_Plate6_D1,,,,,,,,,,,,,,,,,
252,1,0.0962,18a_36_01_Plate1_D3,,,,,,,,,,,,,,,,,
253,1,0.0962,18a_36_02_Plate5_G10,,,,,,,,,,,,,,,,,
254,0.7721,0.0744,18a_36_03_Plate5_H10,18a_36_04_Plate7_A11,,,,,,,,,,,,,,,,
255,1,0.0962,18a_40_02_Plate6_F6,,,,,,,,,,,,,,,,,
256,1,0.0962,18a_40_03_Plate7_H4,,,,,,,,,,,,,,,,,
257,1,0.0962,18a_40_04_Plate6_B9,,,,,,,,,,,,,,,,,
258,1,0.0965,19b_20_01_Plate2_B5,,,,,,,,,,,,,,,,,
259,1,0.0965,19b_20_03_Plate3_B10,,,,,,,,,,,,,,,,,
260,1,0.0965,19b_20_04_Plate2_F10,,,,,,,,,,,,,,,,,
261,1,0.0965,19b_20_05_Plate4_E2,,,,,,,,,,,,,,,,,
262,1,0.0965,19b_24_01_Plate3_B11,,,,,,,,,,,,,,,,,
263,1,0.0965,19b_24_02_Plate6_B12,,,,,,,,,,,,,,,,,
264,1,0.0965,19b_24_03_Plate1_G6,,,,,,,,,,,,,,,,,
265,1,0.0965,19b_24_04_Plate4_C9,,,,,,,,,,,,,,,,,
266,1,0.0965,19b_24_05_Plate4_G9,,,,,,,,,,,,,,,,,
267,0.9591,0.0929,19b_28_01_Plate7_B10,19b_32_02_Plate3_F11,19b_40_01_Plate7_B11,,,,,,,,,,,,,,,
268,0.0436,0.0042,19b_28_02_Plate6_E8,19b_32_05_PLate6_H10,,,,,,,,,,,,,,,,
269,1,0.0965,19b_28_03_Plate1_E7,,,,,,,,,,,,,,,,,
270,1,0.0965,19b_28_04_Plate4_F8,,,,,,,,,,,,,,,,,
271,1,0.0952,19b_28_05_Plate4_F3,,,,,,,,,,,,,,,,,
272,1,0.0965,19b_32_01_Plate1_G8,,,,,,,,,,,,,,,,,
273,1,0.0965,19b_32_03_Plate7_G8,,,,,,,,,,,,,,,,,
274,1,0.0965,19b_32_04_Plate6_D4,,,,,,,,,,,,,,,,,
275,1,0.0952,19b_40_02_Plate1_E9,,,,,,,,,,,,,,,,,
276,1,0.0965,19b_40_03_Plate4_F2,,,,,,,,,,,,,,,,,
277,1,0.0965,19b_40_04_Plate4_F11,,,,,,,,,,,,,,,,,
278,1,0.0965,20a_24_01_Plate3_H7,,,,,,,,,,,,,,,,,
279,1,0.0965,20a_24_04_Plate1_C10,,,,,,,,,,,,,,,,,
280,1,0.0965,20a_24_05_Plate2_E8,,,,,,,,,,,,,,,,,
281,1,0.0965,20a_28_01_Plate4_B12,,,,,,,,,,,,,,,,,
282,1,0.0965,20a_28_02_Plate6_C5,,,,,,,,,,,,,,,,,
283,1,0.0965,20a_28_03_Plate2_A11,,,,,,,,,,,,,,,,,
284,0.9949,0.0962,20a_28_05_Plate4_H4,20a_40_03_Plate3_G7,,,,,,,,,,,,,,,,
285,1,0.0835,20a_32_01_Plate1_C12,,,,,,,,,,,,,,,,,
286,1,0.0835,20a_32_02_Plate7_H7,,,,,,,,,,,,,,,,,
287,1,0.0965,20a_32_03_Plate7_E10,,,,,,,,,,,,,,,,,
288,1,0.0965,20a_32_04_Plate7_D11,,,,,,,,,,,,,,,,,
289,1,0.0965,20a_32_05_Plate2_G10,,,,,,,,,,,,,,,,,
290,1,0.0965,20a_36_01_Plate6_A6,,,,,,,,,,,,,,,,,
291,1,0.0965,20a_36_02_Plate3_E8,,,,,,,,,,,,,,,,,
292,0.683,0.066,20a_36_03_Plate1_C1,20a_40_01_Plate4_G12,,,,,,,,,,,,,,,,
293,1,0.0965,20a_36_05_Plate4_A3,,,,,,,,,,,,,,,,,
294,1,0.0965,20a_40_02_Plate1_E2,,,,,,,,,,,,,,,,,
295,1,0.0964,21a_24_01_Plate6_F7,,,,,,,,,,,,,,,,,
296,1,0.0964,21a_24_02_Plate2_H12,,,,,,,,,,,,,,,,,
297,1,0.0964,21a_24_03_Plate4_H10,,,,,,,,,,,,,,,,,
298,1,0.0964,21a_24_04_Plate2_A3,,,,,,,,,,,,,,,,,
299,1,0.0964,21a_24_05_Plate6_C7,,,,,,,,,,,,,,,,,
300,1,0.0964,21a_28_01_Plate1_A4,,,,,,,,,,,,,,,,,
301,1,0.0964,21a_28_02_Plate6_F1,,,,,,,,,,,,,,,,,
302,0.8423,0.0813,21a_28_03_Plate3_E2,21a_36_05_Plate3_E11,,,,,,,,,,,,,,,,
303,1,0.0964,21a_28_04_Plate5_E5,,,,,,,,,,,,,,,,,
304,1,0.0964,21a_28_05_Plate2_H1,,,,,,,,,,,,,,,,,
305,1,0.0964,21a_32_01_Plate4_C4,,,,,,,,,,,,,,,,,
306,1,0.0964,21a_32_02_Plate6_G3,,,,,,,,,,,,,,,,,
307,1,0.0964,21a_32_03_Plate1_F5,,,,,,,,,,,,,,,,,
308,1,0.0964,21a_32_04_Plate5_F9,,,,,,,,,,,,,,,,,
309,1,0.0964,21a_32_05_Plate4_G4,,,,,,,,,,,,,,,,,
310,1,0.0964,21a_36_01_Plate1_F6,,,,,,,,,,,,,,,,,
311,1,0.0964,21a_36_02_Plate7_B12,,,,,,,,,,,,,,,,,
312,1,0.0964,21a_36_03_Plate4_H5,,,,,,,,,,,,,,,,,
313,1,0.0964,21a_36_04_Plate3_A8,,,,,,,,,,,,,,,,,
314,1,0.0964,21a_40_01_Plate5_E8,,,,,,,,,,,,,,,,,
315,1,0.0964,21a_40_02_Plate2_E4,,,,,,,,,,,,,,,,,
316,1,0.0964,21a_40_03_Plate7_D1,,,,,,,,,,,,,,,,,
317,1,0.0964,21a_40_04_Plate1_G7,,,,,,,,,,,,,,,,,
318,1,0.0964,22a_24_01_Plate3_G3,,,,,,,,,,,,,,,,,
319,1,0.0964,22a_24_02_Plate2_A8,,,,,,,,,,,,,,,,,
320,0.9571,0.0925,22a_24_03_Plate6_D2,22a_24_04_Plate4_A9,22a_36_05_Plate1_E11,,,,,,,,,,,,,,,
321,1,0.0964,22a_24_05_Plate4_D12,,,,,,,,,,,,,,,,,
322,1,0.0964,22a_24_06_Plate4_C10,,,,,,,,,,,,,,,,,
323,1,0.0964,22a_24_07_Plate4_F9,,,,,,,,,,,,,,,,,
324,0.8453,0.0816,22a_28_01_Plate1_B9,22a_36_01_Plate6_G5,,,,,,,,,,,,,,,,
325,1,0.0964,22a_28_03_Plate4_C8,,,,,,,,,,,,,,,,,
326,0.19,0.0183,22a_28_05_Plate2_E1,22a_32_04_Plate4_G10,,,,,,,,,,,,,,,,
327,1,0.0964,22a_32_01_Plate3_E6,,,,,,,,,,,,,,,,,
328,1,0.0964,22a_32_02_Plate3_C10,,,,,,,,,,,,,,,,,
329,1,0.0964,22a_32_03_Plate1_A10,,,,,,,,,,,,,,,,,
330,1,0.0964,22a_32_05_Plate5_G8,,,,,,,,,,,,,,,,,
331,0.9438,0.0911,22a_36_02_Plate2_H9,22a_40_01_Plate5_C7,,,,,,,,,,,,,,,,
332,1,0.0964,22a_36_03_Plate5_E9,,,,,,,,,,,,,,,,,
333,1,0.0964,22a_36_04_Plate5_B8,,,,,,,,,,,,,,,,,
334,1,0.0964,22a_40_02_Plate6_F8,,,,,,,,,,,,,,,,,
335,1,0.0964,22a_40_03_Plate1_A12,,,,,,,,,,,,,,,,,
336,1,0.0964,22a_40_04_Plate5_F6,,,,,,,,,,,,,,,,,
337,1,0.0962,23a_20_01_Plate3_D12,,,,,,,,,,,,,,,,,
338,1,0.0962,23a_20_02_Plate2_A1,,,,,,,,,,,,,,,,,
339,1,0.0962,23a_20_03_Plate3_F2,,,,,,,,,,,,,,,,,
340,0.1927,0.0186,23a_20_04_Plate3_A5,23a_40_03_Plate6_A11,,,,,,,,,,,,,,,,
341,1,0.0962,23a_20_05_Plate6_G7,,,,,,,,,,,,,,,,,
342,1,0.0962,23a_24_01_Plate6_B8,,,,,,,,,,,,,,,,,
343,1,0.0962,23a_24_02_Plate5_F10,,,,,,,,,,,,,,,,,
344,1,0.0935,23a_24_03_Plate5_G3,,,,,,,,,,,,,,,,,
345,1,0.0962,23a_24_04_Plate7_E11,,,,,,,,,,,,,,,,,
346,0.9882,0.0954,23a_28_01_Plate1_H3,23a_36_04_Plate5_A12,23a_40_01_Plate6_F12,,,,,,,,,,,,,,,
347,1,0.0962,23a_28_02_Plate4_B2,,,,,,,,,,,,,,,,,
348,1,0.0962,23a_28_03_Plate7_H9,,,,,,,,,,,,,,,,,
349,0.8291,0.0799,23a_28_04_Plate4_A8,23a_32_02_Plate1_G4,,,,,,,,,,,,,,,,
350,1,0.0962,23a_32_01_Plate5_F4,,,,,,,,,,,,,,,,,
351,1,0.0962,23a_32_03_Plate5_D9,,,,,,,,,,,,,,,,,
352,1,0.0962,23a_32_04_Plate6_C10,,,,,,,,,,,,,,,,,
353,1,0.0962,23a_36_01_Plate3_F9,,,,,,,,,,,,,,,,,
354,1,0.0962,23a_36_02_Plate3_F3,,,,,,,,,,,,,,,,,
355,1,0.0962,23a_36_03_Plate1_A5,,,,,,,,,,,,,,,,,
356,1,0.0935,23a_40_02_Plate3_C2,,,,,,,,,,,,,,,,,
357,1,0.0962,23a_40_04_Plate7_G9,,,,,,,,,,,,,,,,,
358,1,0.0964,25b_20_01_Plate6_F4,,,,,,,,,,,,,,,,,
359,1,0.0964,25b_20_02_Plate1_H7,,,,,,,,,,,,,,,,,
360,1,0.0964,25b_20_03_Plate7_E7,,,,,,,,,,,,,,,,,
361,1,0.0964,25b_20_04_Plate7_C11,,,,,,,,,,,,,,,,,
362,1,0.0964,25b_24_01_Plate6_D10,,,,,,,,,,,,,,,,,
363,1,0.0964,25b_24_02_Plate5_E1,,,,,,,,,,,,,,,,,
364,1,0.0964,25b_24_03_Plate2_E10,,,,,,,,,,,,,,,,,
365,0.7429,0.0717,25b_24_04_Plate3_H11,25b_28_01_Plate4_C11,,,,,,,,,,,,,,,,
366,1,0.0964,25b_28_02_Plate5_E11,,,,,,,,,,,,,,,,,
367,1,0.0964,25b_28_03_Plate1_E8,,,,,,,,,,,,,,,,,
368,1,0.0964,25b_28_04_Plate7_E5,,,,,,,,,,,,,,,,,
369,1,0.0964,25b_32_01_Plate1_D9,,,,,,,,,,,,,,,,,
370,1,0.0964,25b_32_02_Plate3_E10,,,,,,,,,,,,,,,,,
371,1,0.0964,25b_32_03_Plate5_A3,,,,,,,,,,,,,,,,,
372,1,0.0964,25b_32_04_Plate7_F6,,,,,,,,,,,,,,,,,
373,1,0.0964,25b_36_01_Plate1_H10,,,,,,,,,,,,,,,,,
374,1,0.0964,25b_36_02_Plate4_E9,,,,,,,,,,,,,,,,,
375,1,0.0964,25b_36_03_Plate4_D8,,,,,,,,,,,,,,,,,
376,1,0.0964,25b_36_04_Plate3_H10,,,,,,,,,,,,,,,,,
377,0.9952,0.0961,25b_40_01_Plate3_H2,25b_40_04_Plate1_B11,,,,,,,,,,,,,,,,
378,1,0.0964,25b_40_02_Plate4_B1,,,,,,,,,,,,,,,,,
379,1,0.0964,25b_40_03_Plate2_F4,,,,,,,,,,,,,,,,,
380,1,0.0961,26a_20_01_Plate1_B12,,,,,,,,,,,,,,,,,
381,1,0.0961,26a_20_02_Plate2_F5,,,,,,,,,,,,,,,,,
382,1,0.0961,26a_20_03_Plate7_E9,,,,,,,,,,,,,,,,,
383,1,0.0961,26a_20_04_Plate6_E7,,,,,,,,,,,,,,,,,
384,1,0.0961,26a_20_05_Plate7_D3,,,,,,,,,,,,,,,,,
385,1,0.0961,26a_20_06_Plate1_F4,,,,,,,,,,,,,,,,,
386,1,0.0961,26a_20_07_Plate2_H6,,,,,,,,,,,,,,,,,
387,1,0.0961,26a_28_01_Plate3_H1,,,,,,,,,,,,,,,,,
388,1,0.0961,26a_28_02_Plate1_F1,,,,,,,,,,,,,,,,,
389,0.4234,0.0407,26a_28_03_Plate4_F7,26a_40_01_Plate5_H1,,,,,,,,,,,,,,,,
390,1,0.0961,26a_28_04_Plate6_D7,,,,,,,,,,,,,,,,,
391,1,0.0961,26a_28_05_Plate5_E4,,,,,,,,,,,,,,,,,
392,1,0.0961,26a_32_01_Plate1_H2,,,,,,,,,,,,,,,,,
393,1,0.0961,26a_32_02_Plate6_F3,,,,,,,,,,,,,,,,,
394,1,0.0961,26a_32_03_Plate6_C4,,,,,,,,,,,,,,,,,
395,1,0.0961,26a_32_04_Plate5_A10,,,,,,,,,,,,,,,,,
396,1,0.0961,26a_32_05_Plate6_A5,,,,,,,,,,,,,,,,,
397,1,0.0961,26a_36_01_Plate4_H9,,,,,,,,,,,,,,,,,
398,1,0.0961,26a_36_02_Plate3_F7,,,,,,,,,,,,,,,,,
399,1,0.0961,26a_36_03_Plate2_B3,,,,,,,,,,,,,,,,,
400,1,0.0961,26a_36_04_Plate5_D11,,,,,,,,,,,,,,,,,
401,1,0.0961,26a_36_05_Plate2_D2,,,,,,,,,,,,,,,,,
402,1,0.0961,26a_40_02_Plate1_H4,,,,,,,,,,,,,,,,,
403,1,0.0961,26a_40_03_Plate7_B3,,,,,,,,,,,,,,,,,
404,1,0.0961,26a_40_04_Plate3_E12,,,,,,,,,,,,,,,,,
405,1,0.0964,28a_20_01_Plate7_B6,,,,,,,,,,,,,,,,,
406,1,0.0964,28a_20_02_Plate4_E7,,,,,,,,,,,,,,,,,
407,0.9989,0.0964,28a_20_03_Plate4_F6,28a_40_01_Plate2_A10,,,,,,,,,,,,,,,,
408,1,0.0964,28a_20_04_Plate2_H3,,,,,,,,,,,,,,,,,
409,1,0.0964,28a_20_05_Plate2_D1,,,,,,,,,,,,,,,,,
410,1,0.0964,28a_24_01_Plate5_D6,,,,,,,,,,,,,,,,,
411,1,0.0964,28a_24_02_Plate3_A10,,,,,,,,,,,,,,,,,
412,1,0.0964,28a_24_03_Plate1_C6,,,,,,,,,,,,,,,,,
413,1,0.0964,28a_24_04_Plate4_A5,,,,,,,,,,,,,,,,,
414,1,0.0964,28a_28_01_Plate7_H5,,,,,,,,,,,,,,,,,
415,1,0.0964,28a_28_02_Plate3_D2,,,,,,,,,,,,,,,,,
416,1,0.0964,28a_28_03_Plate3_G6,,,,,,,,,,,,,,,,,
417,1,0.0964,28a_28_04_Plate5_B7,,,,,,,,,,,,,,,,,
418,1,0.0964,28a_32_01_Plate5_D2,,,,,,,,,,,,,,,,,
419,0.8921,0.0861,28a_32_02_Plate4_B4,28a_40_03_Plate4_A1,,,,,,,,,,,,,,,,
420,1,0.0964,28a_32_03_Plate1_C8,,,,,,,,,,,,,,,,,
421,1,0.0964,28a_36_01_Plate4_F10,,,,,,,,,,,,,,,,,
422,1,0.0964,28a_36_02_Plate5_H11,,,,,,,,,,,,,,,,,
423,0.8885,0.0858,28a_36_03_Plate7_C2,28a_40_02_Plate2_G8,,,,,,,,,,,,,,,,
424,1,0.0964,28a_36_04_Plate7_B7,,,,,,,,,,,,,,,,,
425,1,0.0964,28a_40_04_Plate4_B9,,,,,,,,,,,,,,,,,
426,1,0.0964,29b_20_01_Plate7_E8,,,,,,,,,,,,,,,,,
427,1,0.0964,29b_20_02_Plate3_B9,,,,,,,,,,,,,,,,,
428,1,0.0964,29b_20_03_Plate1_G11,,,,,,,,,,,,,,,,,
429,1,0.0964,29b_20_04_Plate2_E2,,,,,,,,,,,,,,,,,
430,1,0.0964,29b_20_05_Plate7_H3,,,,,,,,,,,,,,,,,
431,1,0.0964,29b_24_01_Plate7_H11,,,,,,,,,,,,,,,,,
432,1,0.0964,29b_24_02_Plate4_H3,,,,,,,,,,,,,,,,,
433,1,0.0964,29b_24_03_Plate6_G1,,,,,,,,,,,,,,,,,
434,1,0.0964,29b_24_04_Plate1_F12,,,,,,,,,,,,,,,,,
435,0.9769,0.0943,29b_28_01_Plate7_G7,29b_36_02_Plate1_G2,,,,,,,,,,,,,,,,
436,1,0.0964,29b_28_02_Plate7_F11,,,,,,,,,,,,,,,,,
437,1,0.0964,29b_28_03_Plate7_F2,,,,,,,,,,,,,,,,,
438,1,0.0964,29b_28_04_Plate6_C11,,,,,,,,,,,,,,,,,
439,0.8751,0.0845,29b_32_01_Plate4_F12,29b_40_03_Plate2_E3,,,,,,,,,,,,,,,,
440,1,0.0964,29b_32_02_Plate1_G1,,,,,,,,,,,,,,,,,
441,1,0.0964,29b_32_03_Plate6_C12,,,,,,,,,,,,,,,,,
442,0.9383,0.0906,29b_36_01_Plate3_D7,29b_40_01_Plate1_A3,,,,,,,,,,,,,,,,
443,1,0.0964,29b_36_03_Plate7_H12,,,,,,,,,,,,,,,,,
444,1,0.0964,29b_36_04_Plate5_F2,,,,,,,,,,,,,,,,,
445,0.4173,0.0403,29b_40_02_Plate4_C1,29b_40_04_Plate4_A4,,,,,,,,,,,,,,,,
446,1,0.0964,30a_20_01_Plate4_B11,,,,,,,,,,,,,,,,,
447,0.9329,0.0901,30a_20_02_Plate2_A4,30a_36_04_Plate7_F9,,,,,,,,,,,,,,,,
448,1,0.0964,30a_20_03_Plate7_A6,,,,,,,,,,,,,,,,,
449,1,0.0964,30a_20_04_Plate5_A4,,,,,,,,,,,,,,,,,
450,0.9932,0.0959,30a_20_05_Plate7_H10,30a_28_04_Plate7_A10,,,,,,,,,,,,,,,,
451,1,0.0964,30a_24_01_Plate2_G12,,,,,,,,,,,,,,,,,
452,1,0.0964,30a_24_02_Plate1_G5,,,,,,,,,,,,,,,,,
453,0.9385,0.0907,30a_24_03_Plate2_H2,30a_28_01_Plate1_D6,30a_32_04_Plate1_C7,,,,,,,,,,,,,,,
454,1,0.0964,30a_24_04_Plate2_F8,,,,,,,,,,,,,,,,,
455,1,0.0964,30a_28_02_Plate6_D3,,,,,,,,,,,,,,,,,
456,0.757,0.0731,30a_28_03_Plate6_G11,30a_36_01_Plate5_A2,,,,,,,,,,,,,,,,
457,1,0.0964,30a_32_01_Plate3_H9,,,,,,,,,,,,,,,,,
458,1,0.0964,30a_32_02_Plate3_F12,,,,,,,,,,,,,,,,,
459,1,0.0964,30a_32_03_Plate5_C2,,,,,,,,,,,,,,,,,
460,1,0.0964,30a_36_03_Plate4_C6,,,,,,,,,,,,,,,,,
461,1,0.0964,30a_36_05_Plate2_C9,,,,,,,,,,,,,,,,,
462,1,0.0964,30a_40_01_Plate4_H2,,,,,,,,,,,,,,,,,
463,1,0.0964,30a_40_02_Plate7_F8,,,,,,,,,,,,,,,,,
464,1,0.0964,30a_40_04_Plate3_B7,,,,,,,,,,,,,,,,,
465,1,0.0964,31a_20_01_Plate1_B10,,,,,,,,,,,,,,,,,
466,1,0.0964,31a_20_02_Plate5_C1,,,,,,,,,,,,,,,,,
467,1,0.0964,31a_20_03_Plate5_C4,,,,,,,,,,,,,,,,,
468,1,0.0964,31a_20_04_Plate4_G2,,,,,,,,,,,,,,,,,
469,1,0.0964,31a_20_05_Plate4_G11,,,,,,,,,,,,,,,,,
470,1,0.0964,31a_24_01_Plate3_B3,,,,,,,,,,,,,,,,,
471,1,0.0964,31a_24_02_Plate2_H2,,,,,,,,,,,,,,,,,
472,1,0.0964,31a_24_03_Plate7_H8,,,,,,,,,,,,,,,,,
473,0.9529,0.092,31a_24_04_Plate1_F11,31a_40_01_Plate3_D8,,,,,,,,,,,,,,,,
474,1,0.0964,31a_24_05_Plate6_A4,,,,,,,,,,,,,,,,,
475,1,0.0964,31a_28_01_Plate5_C6,,,,,,,,,,,,,,,,,
476,1,0.0964,31a_28_02_Plate3_H3,,,,,,,,,,,,,,,,,
477,0.9004,0.0869,31a_28_03_Plate1_H12,31a_40_02_Plate7_F7,,,,,,,,,,,,,,,,
478,1,0.0964,31a_28_04_Plate6_H6,,,,,,,,,,,,,,,,,
479,1,0.0964,31a_28_05_Plate7_F3,,,,,,,,,,,,,,,,,
480,1,0.0964,31a_36_01_Plate1_A1,,,,,,,,,,,,,,,,,
481,1,0.0964,31a_36_02_Plate4_E3,,,,,,,,,,,,,,,,,
482,1,0.0964,31a_36_03_Plate2_F3,,,,,,,,,,,,,,,,,
483,1,0.0964,31a_36_04_Plate6_B7,,,,,,,,,,,,,,,,,
484,1,0.0964,31a_36_05_Plate6_D6,,,,,,,,,,,,,,,,,
485,1,0.0964,31a_40_03_Plate3_D6,,,,,,,,,,,,,,,,,
486,1,0.0964,31a_40_04_Plate2_B2,,,,,,,,,,,,,,,,,
487,1,0.0962,32a_28_01_Plate6_B5,,,,,,,,,,,,,,,,,
488,1,0.0962,32a_28_02_Plate5_E12,,,,,,,,,,,,,,,,,
489,0.6861,0.0661,32a_28_03_Plate1_B3,32a_32_04_Plate6_G12,,,,,,,,,,,,,,,,
490,0.9125,0.088,32a_28_04_Plate3_F1,32a_32_05_Plate3_H5,,,,,,,,,,,,,,,,
491,1,0.0962,32a_28_05_Plate7_F4,,,,,,,,,,,,,,,,,
492,1,0.0962,32a_28_06_Plate3_C9,,,,,,,,,,,,,,,,,
493,1,0.0962,32a_28_07_Plate3_F8,,,,,,,,,,,,,,,,,
494,1,0.0962,32a_28_08_Plate1_B5,,,,,,,,,,,,,,,,,
495,1,0.0962,32a_32_01_Plate1_B4,,,,,,,,,,,,,,,,,
496,0.9987,0.0963,32a_32_02_Plate2_G2,32a_40_07_Plate1_H6,,,,,,,,,,,,,,,,
497,1,0.0962,32a_32_03_Plate2_G4,,,,,,,,,,,,,,,,,
498,0.5797,0.0559,32a_32_06_Plate3_C7,32a_32_07_Plate6_F10,,,,,,,,,,,,,,,,
499,1,0.0962,32a_36_01_Plate2_F2,,,,,,,,,,,,,,,,,
500,1,0.0962,32a_36_02_Plate5_H12,,,,,,,,,,,,,,,,,
501,1,0.0962,32a_40_01_Plate3_C6,,,,,,,,,,,,,,,,,
502,1,0.0962,32a_40_02_Plate7_B5,,,,,,,,,,,,,,,,,
503,1,0.0962,32a_40_03_Plate3_B5,,,,,,,,,,,,,,,,,
504,1,0.0962,32a_40_04_Plate3_F6,,,,,,,,,,,,,,,,,
505,1,0.0962,32a_40_05_Plate2_D7,,,,,,,,,,,,,,,,,
506,1,0.0962,32a_40_06_Plate7_A9,,,,,,,,,,,,,,,,,
507,1,0.0962,32a_40_08_Plate2_G5,,,,,,,,,,,,,,,,,
508,1,0.0962,34b_20_01_Plate2_A7,,,,,,,,,,,,,,,,,
509,1,0.0962,34b_20_02_Plate2_G3,,,,,,,,,,,,,,,,,
510,1,0.0962,34b_20_03_Plate7_C1,,,,,,,,,,,,,,,,,
511,1,0.0962,34b_20_04_Plate5_G9,,,,,,,,,,,,,,,,,
512,0.0618,0.006,34b_20_05_Plate4_G1,34b_36_03_Plate7_C10,,,,,,,,,,,,,,,,
513,1,0.0962,34b_20_06_Plate2_C7,,,,,,,,,,,,,,,,,
514,0.3287,0.0317,34b_28_01_Plate7_G6,34b_32_04_Plate4_B6,,,,,,,,,,,,,,,,
515,1,0.0962,34b_28_02_Plate7_C5,,,,,,,,,,,,,,,,,
516,0.4601,0.0443,34b_28_03_Plate2_B8,34b_40_04_Plate1_D11,,,,,,,,,,,,,,,,
517,1,0.0962,34b_28_04_Plate4_D5,,,,,,,,,,,,,,,,,
518,1,0.0962,34b_28_05_Plate5_E6,,,,,,,,,,,,,,,,,
519,0.7623,0.0735,34b_32_01_Plate4_B7,34b_40_01_Plate6_B3,,,,,,,,,,,,,,,,
520,1,0.0962,34b_32_02_Plate1_H9,,,,,,,,,,,,,,,,,
521,1,0.0962,34b_32_03_Plate7_D5,,,,,,,,,,,,,,,,,
522,1,0.0962,34b_32_05_Plate7_D10,,,,,,,,,,,,,,,,,
523,1,0.0962,34b_36_01_Plate7_E12,,,,,,,,,,,,,,,,,
524,1,0.0962,34b_36_02_Plate2_F1,,,,,,,,,,,,,,,,,
525,1,0.0962,34b_36_04_Plate5_A7,,,,,,,,,,,,,,,,,
526,1,0.0962,34b_36_05_Plate6_C6,,,,,,,,,,,,,,,,,
527,1,0.0962,34b_40_02_Plate4_C3,,,,,,,,,,,,,,,,,
528,1,0.0962,34b_40_03_Plate6_G10,,,,,,,,,,,,,,,,,